Rank,Number of drug combinations,MCC ,Drugs,DTC,PPMS,C1 (Therapeutic Efficacy Synergy),C2 (Common Action Penalty),C3 (Pathogenic Synergy Penalty),C4 (Action Conflict Penalty),C5 (Target Misdirection Penalty),C6 (Pathway Coverage Score)
Top1,2,MCC-1,nebivolol + colestipol,100.00% (HLP),1.8558,LEP(+1.86),LEP(-0.7),None,None,None,"Hit:2/2 (Brown Adipocyte Oxidation,Cold Thermoregulation)"
Top1,2,MCC-2,aliskiren + perindopril,"100.00% (HLP,HTN)",1.1538,CDHR2(+1.22);GHRL(+1.19);HAVCR1(+0.71);IL1RN(+1.68);IL6(+1.83);LGALS4(+0.94),None,ADGRG1(-0.7);GDF15(-0.7);IGFBP2(-0.7),None,ADGRG1(-0.46);GDF15(-0.51);IGFBP2(-0.42),"Hit:4/4 (Appetite regulation,Fatty acid transport,IL-1 negative regulation,Response chemical Endogenous)"
Top1,3,MCC-2,aliskiren + glimepiride + perindopril,"100.00% (HLP,HTN)",1.2783,CDHR2(+1.8);GHRL(+1.83);HAVCR1(+1.36);IL1RN(+2.47);IL6(+2.66);LGALS4(+1.6),None,ADGRG1(-1.4);GDF15(-1.4);IGFBP2(-1.4),None,ADGRG1(-0.75);GDF15(-0.81);IGFBP2(-0.75),"Hit:4/4 (Appetite regulation,Fatty acid transport,IL-1 negative regulation,Response chemical Endogenous)"
Top1,4,MCC-2,aliskiren + glimepiride + vildagliptin + perindopril,"100.00% (HLP,HTN)",1.3962,CDHR2(+2.46);GHRL(+2.48);HAVCR1(+1.85);IL1RN(+3.29);IL6(+3.52);LGALS4(+2.25),None,ADGRG1(-2.1);GDF15(-2.1);IGFBP2(-2.1),None,ADGRG1(-1.08);GDF15(-1.13);IGFBP2(-1.08),"Hit:4/4 (Appetite regulation,Fatty acid transport,IL-1 negative regulation,Response chemical Endogenous)"
Top1,2,MCC-345,glimepiride + perindopril,"66.67% (HLP,HTN)",0.6639,BST2(+1.29);CCL16(+0.91);CCL18(+1.28);CHI3L1(+1.31);GGT1(+0.83);GPR37(+0.77);HAVCR1(+0.76);IGFBP4(+0.48);IL1RN(+1.54);IL6(+2.15);MMP3(+1.33);RARRES2(+1.7),None,ACE2(-0.7);FGF21(-0.7);IGFBP2(-0.7);LEP(-0.7);PLAT(-0.7);PPY(-0.7);SLC39A5(-0.7),IGFBP4(-0.7),ACE2(-0.59);FGF21(-0.71);IGFBP2(-0.42);LEP(-1.02);PLAT(-0.81);PPY(-0.44);SLC39A5(-0.27),"Hit:11/18 (Chemokine signaling pathway,Cytokine-cytokine receptor interaction,IL-17 signaling pathway,JAK-STAT signaling pathway,Lipid and atherosclerosis,Malaria,PI3K-Akt signaling pathway,Rheumatoid arthritis,TNF signaling pathway,Transcriptional misregulation in cancer,Viral protein interaction with cytokine and cytokine receptor)"
Top1,3,MCC-345,glimepiride + bisoprolol + gemfibrozil,"66.67% (HLP,HTN)",0.7023,BST2(+1.97);CCL16(+1.61);CCL18(+2.01);CHI3L1(+1.99);GGT1(+1.44);GPR37(+1.29);HAVCR1(+0.68);IGFBP4(+1.67);IL1RN(+2.44);IL6(+3.09);MMP3(+1.97);RARRES2(+2.48),None,ACE2(-1.4);FGF21(-1.4);IGFBP2(-1.4);LEP(-1.4);PLAT(-1.4);PPY(-1.4);SLC39A5(-1.4),HAVCR1(-0.7),ACE2(-0.87);FGF21(-1.21);IGFBP2(-0.96);LEP(-1.49);PLAT(-1.22);PPY(-0.68);SLC39A5(-0.51),"Hit:11/18 (Chemokine signaling pathway,Cytokine-cytokine receptor interaction,IL-17 signaling pathway,JAK-STAT signaling pathway,Lipid and atherosclerosis,Malaria,PI3K-Akt signaling pathway,Rheumatoid arthritis,TNF signaling pathway,Transcriptional misregulation in cancer,Viral protein interaction with cytokine and cytokine receptor)"
Top1,4,MCC-345,glimepiride + glymidine + bisoprolol + gemfibrozil,"66.67% (HLP,HTN)",0.7315,BST2(+2.63);CCL16(+2.2);CCL18(+2.68);CHI3L1(+2.63);GGT1(+1.9);GPR37(+1.8);HAVCR1(+1.31);IGFBP4(+2.31);IL1RN(+3.22);IL6(+4.12);MMP3(+2.63);RARRES2(+3.21),None,ACE2(-2.1);FGF21(-2.1);IGFBP2(-2.1);LEP(-2.1);PLAT(-2.1);PPY(-2.1);SLC39A5(-2.1),HAVCR1(-0.7),ACE2(-1.24);FGF21(-1.58);IGFBP2(-1.29);LEP(-1.95);PLAT(-1.62);PPY(-0.98);SLC39A5(-0.82),"Hit:11/18 (Chemokine signaling pathway,Cytokine-cytokine receptor interaction,IL-17 signaling pathway,JAK-STAT signaling pathway,Lipid and atherosclerosis,Malaria,PI3K-Akt signaling pathway,Rheumatoid arthritis,TNF signaling pathway,Transcriptional misregulation in cancer,Viral protein interaction with cytokine and cytokine receptor)"
Top1,2,MCC-6,glimepiride + telmisartan,"50.00% (HLP,HTN,T2D)",1.3849,CCL18(+1.58);CCL20(+1.7);CCL7(+1.68);CD163(+1.84);CHI3L1(+1.34);CRH(+1.3);FABP5(+0.69);GAST(+1.4);GPR37(+1.2);HGF(+1.71);HSPB6(+0.78);IL1RN(+0.93);IL6(+2.25);LGALS4(+1.3);LPL(+1.63);MSR1(+0.75);OSM(+1.66);PYY(+1.78);RARRES2(+1.6);STC1(+1.33);VMO1(+1.32),None,ADGRG1(-0.7);GDF15(-0.7);IGFBP1(-0.7);IGFBP2(-0.7);LDLR(-0.7);LEP(-0.7);SHBG(-0.7),HAVCR1(-0.7),ADGRG1(-0.33);GDF15(-0.56);IGFBP1(-0.47);IGFBP2(-0.46);LDLR(-0.68);LEP(-1.08);SHBG(-0.73),"Hit:9/9 (Brown Adipocyte Oxidation,Fatty acid transport,Glucagon Secretion,Glucose metabolism response,Immune stress response,Intestinal Lpid Absorption,Intracellular signal regulation,Myeloid leukocyte migration,Response chemical Endogenous)"
Top1,3,MCC-6,glimepiride + vildagliptin + telmisartan,"50.00% (HLP,HTN,T2D)",1.6919,CCL18(+2.44);CCL20(+2.58);CCL7(+2.56);CD163(+2.77);CHI3L1(+1.88);CRH(+2.09);FABP5(+0.86);GAST(+2.24);GPR37(+1.85);HAVCR1(+0.54);HGF(+2.49);HSPB6(+1.46);IL1RN(+1.68);IL6(+3.39);LGALS4(+1.95);LPL(+2.38);MSR1(+1.39);OSM(+2.53);PYY(+2.7);RARRES2(+2.4);STC1(+2.0);VMO1(+1.95),None,ADGRG1(-1.4);GDF15(-1.4);IGFBP1(-1.4);IGFBP2(-1.4);LDLR(-1.4);LEP(-1.4);SHBG(-1.4),HAVCR1(-0.7),ADGRG1(-0.67);GDF15(-0.88);IGFBP1(-0.77);IGFBP2(-0.79);LDLR(-0.99);LEP(-1.65);SHBG(-1.13),"Hit:9/9 (Brown Adipocyte Oxidation,Fatty acid transport,Glucagon Secretion,Glucose metabolism response,Immune stress response,Intestinal Lpid Absorption,Intracellular signal regulation,Myeloid leukocyte migration,Response chemical Endogenous)"
Top1,4,MCC-6,glimepiride + vildagliptin + glymidine + telmisartan,"50.00% (HLP,HTN,T2D)",1.9858,CCL18(+3.3);CCL20(+3.46);CCL7(+3.43);CD163(+3.71);CHI3L1(+2.53);CRH(+2.8);FABP5(+1.35);GAST(+2.98);GPR37(+2.35);HAVCR1(+1.17);HGF(+3.3);HSPB6(+2.14);IL1RN(+2.42);IL6(+4.47);LGALS4(+2.55);LPL(+3.08);MSR1(+1.97);OSM(+3.26);PYY(+3.47);RARRES2(+3.08);STC1(+2.6);VMO1(+2.57),None,ADGRG1(-2.1);GDF15(-2.1);IGFBP1(-2.1);IGFBP2(-2.1);LDLR(-2.1);LEP(-2.1);SHBG(-2.1),HAVCR1(-0.7),ADGRG1(-0.97);GDF15(-1.17);IGFBP1(-1.1);IGFBP2(-1.12);LDLR(-1.3);LEP(-2.15);SHBG(-1.5),"Hit:9/9 (Brown Adipocyte Oxidation,Fatty acid transport,Glucagon Secretion,Glucose metabolism response,Immune stress response,Intestinal Lpid Absorption,Intracellular signal regulation,Myeloid leukocyte migration,Response chemical Endogenous)"
Top1,2,MCC-7,glimepiride + telmisartan,"50.00% (HLP,HTN,T2D)",0.8924,CCL16(+1.32);CCL7(+1.54);CHI3L1(+1.34);DCXR(+0.35);GPR37(+1.2);HGF(+1.59);HSPB6(+0.78);IL6(+2.0);LGALS4(+1.3);MLN(+1.29);NPY(+1.31);RARRES2(+1.62);VMO1(+1.32),None,ADGRG1(-0.7);CES2(-0.7);ENO3(-0.7);GDF15(-0.7);IGFBP2(-0.7);LEP(-0.7);PRSS8(-0.7),DCXR(-0.7);HAVCR1(-0.7);UMOD(-0.7),ADGRG1(-0.33);CES2(-0.25);ENO3(-0.47);GDF15(-0.56);IGFBP2(-0.46);LEP(-0.91);PRSS8(-0.63);UMOD(-0.19),"Hit:7/8 (Appetite regulation,Brown Adipocyte Oxidation,Fatty acid transport,Immune stress response,Intracellular signal regulation,Myeloid leukocyte migration,Response chemical Endogenous)"
Top1,3,MCC-7,glimepiride + aliskiren + inclisiran,"50.00% (HLP,HTN,T2D)",1.0417,CCL16(+1.59);CCL7(+2.3);CHI3L1(+1.77);DCXR(+1.97);GPR37(+1.46);HAVCR1(+1.51);HGF(+2.19);HSPB6(+2.02);IL6(+3.09);LGALS4(+1.55);MLN(+1.77);NPY(+2.61);RARRES2(+2.38);VMO1(+1.61),None,ADGRG1(-1.4);CES2(-1.4);ENO3(-1.4);GDF15(-1.4);IGFBP2(-1.4);LEP(-1.4);PRSS8(-1.4);UMOD(-1.4),None,ADGRG1(-0.71);CES2(-0.86);ENO3(-0.79);GDF15(-0.85);IGFBP2(-0.83);LEP(-1.46);PRSS8(-0.86);UMOD(-0.83),"Hit:7/8 (Appetite regulation,Brown Adipocyte Oxidation,Fatty acid transport,Immune stress response,Intracellular signal regulation,Myeloid leukocyte migration,Response chemical Endogenous)"
Top1,4,MCC-7,glimepiride + aliskiren + glipizide + inclisiran,"50.00% (HLP,HTN,T2D)",1.106,CCL16(+2.22);CCL7(+3.1);CHI3L1(+2.32);DCXR(+2.57);GPR37(+2.09);HAVCR1(+2.04);HGF(+2.79);HSPB6(+2.65);IL6(+3.98);LGALS4(+2.15);MLN(+2.37);NPY(+3.43);RARRES2(+3.16);VMO1(+2.22),None,ADGRG1(-2.1);CES2(-2.1);ENO3(-2.1);GDF15(-2.1);IGFBP2(-2.1);LEP(-2.1);PRSS8(-2.1);UMOD(-2.1),None,ADGRG1(-1.01);CES2(-1.04);ENO3(-0.94);GDF15(-1.12);IGFBP2(-1.15);LEP(-1.89);PRSS8(-1.18);UMOD(-1.1),"Hit:7/8 (Appetite regulation,Brown Adipocyte Oxidation,Fatty acid transport,Immune stress response,Intracellular signal regulation,Myeloid leukocyte migration,Response chemical Endogenous)"
Top1,2,MCC-8,gliquidone + telmisartan,"50.00% (HLP,HTN,T2D)",1.0225,ADIPOQ(+0.51);AGRN(+1.44);AGRP(+1.38);ASGR1(+1.28);BST2(+1.7);CCL27(+1.35);CD27(+0.86);CD300E(+1.34);CD302(+1.24);CDH2(+1.12);CGREF1(+0.21);COL6A3(+1.36);CST3(+0.27);CSTB(+1.21);EDA2R(+0.89);FGF23(+1.29);FSTL3(+1.22);GPR37(+1.2);IGFBP4(+1.17);IL19(+1.15);LGALS4(+1.26);LGALS9(+1.3);LTBP3(+1.12);MMP12(+1.5);MMP7(+1.77);MSR1(+0.53);OGN(+0.88);RARRES2(+1.44);RTN4R(+1.15);SCARA5(+1.19);SMOC2(+1.27);STC1(+1.32);TNFRSF10B(+0.25);TNFRSF12A(+1.23);VNN1(+0.96),ADIPOQ(-0.7),CCDC80(-0.7);CD74(-0.7);EPHA1(-0.7);GDF15(-0.7);GH1(-0.7);IGFBP1(-0.7);IGFBP2(-0.7);LEP(-0.7);LILRB4(-0.7);PRSS8(-0.7);TGFBR2(-0.7);VSIG4(-0.7),CCN5(-0.7);CGREF1(-0.7);CST3(-0.7);HAVCR1(-0.7);SCARB2(-0.7);TFF1(-0.7);TNFRSF10B(-0.7);UMOD(-0.7),CCDC80(-0.63);CCN5(-0.26);CD74(-0.49);EPHA1(-0.56);GDF15(-0.74);GH1(-0.68);HAVCR1(-0.04);IGFBP1(-0.57);IGFBP2(-0.43);LEP(-0.74);LILRB4(-0.39);PRSS8(-0.62);TFF1(-0.23);TGFBR2(-0.81);UMOD(-0.06);VSIG4(-0.62),"Hit:15/15 (Glucose metabolism response,Immune stress response,Intracellular signal regulation,Leu kocvte activation cell,Myeloid leukocyte migration,Phosphorylation activity,Positive NF kappab,Positive fat metabolism,Positive programmed death apoptotic,Regulation of Cell Migration,Response chemical Endogenous,Response to LIPD,Response to Peptide,Response tumor necrosis factor,T cell proliferation)"
Top1,3,MCC-8,gliquidone + telmisartan + febuxostat,"66.67% (HLP,HTN,HUA,T2D)",0.9958,ADIPOQ(+0.47);AGRN(+2.39);AGRP(+2.12);ASGR1(+1.93);BST2(+2.64);CCL27(+1.54);CD27(+1.55);CD300E(+2.0);CD302(+1.9);CDH2(+2.01);CGREF1(+0.88);COL6A3(+2.04);CST3(+0.27);CSTB(+1.48);EDA2R(+1.44);FGF23(+1.99);FSTL3(+1.88);GPR37(+1.85);HAVCR1(+0.16);IGFBP4(+1.99);IL19(+0.8);LGALS4(+1.94);LGALS9(+1.96);LTBP3(+1.76);MMP12(+2.34);MMP7(+2.74);MSR1(+0.77);OGN(+0.71);RARRES2(+2.2);RTN4R(+1.83);SCARA5(+1.86);SMOC2(+1.93);STC1(+1.58);TNFRSF12A(+1.38);VNN1(+1.63),ADIPOQ(-0.7);CST3(-0.7);TNFRSF10B(-0.7),CCDC80(-1.4);CCN5(-0.7);CD74(-1.4);CST3(-0.7);EPHA1(-1.4);GDF15(-1.4);GH1(-1.4);IGFBP1(-1.4);IGFBP2(-1.4);LEP(-1.4);LILRB4(-1.4);PRSS8(-1.4);TFF1(-0.7);TGFBR2(-1.4);TNFRSF10B(-0.7);UMOD(-0.7);VSIG4(-1.4),ADIPOQ(-0.7);CCN5(-0.7);CGREF1(-0.7);CST3(-0.7);HAVCR1(-0.7);IL19(-0.7);OGN(-0.7);SCARB2(-0.7);TFF1(-0.7);TNFRSF10B(-0.7);UMOD(-0.7),CCDC80(-0.94);CCN5(-0.56);CD74(-0.79);EPHA1(-0.9);GDF15(-0.91);GH1(-0.69);IGFBP1(-0.99);IGFBP2(-0.73);LEP(-1.15);LILRB4(-0.72);PRSS8(-0.96);TFF1(-0.56);TGFBR2(-1.15);TNFRSF10B(-0.12);UMOD(-0.36);VSIG4(-0.94),"Hit:15/15 (Glucose metabolism response,Immune stress response,Intracellular signal regulation,Leu kocvte activation cell,Myeloid leukocyte migration,Phosphorylation activity,Positive NF kappab,Positive fat metabolism,Positive programmed death apoptotic,Regulation of Cell Migration,Response chemical Endogenous,Response to LIPD,Response to Peptide,Response tumor necrosis factor,T cell proliferation)"
Top1,4,MCC-8,aliskiren + glimepiride + gemfibrozil + febuxostat,"66.67% (HLP,HTN,HUA,T2D)",1.2412,AGRN(+3.78);AGRP(+3.26);ASGR1(+2.6);BST2(+3.76);CCL27(+2.31);CD27(+2.7);CD300E(+2.63);CD302(+2.35);CDH2(+3.19);CGREF1(+2.61);COL6A3(+2.59);CST3(+2.87);CSTB(+2.54);EDA2R(+2.43);FGF23(+2.7);FSTL3(+2.62);GPR37(+2.25);HAVCR1(+1.59);IGFBP4(+3.46);IL19(+1.51);LGALS4(+2.46);LGALS9(+2.63);LTBP3(+2.36);MMP12(+3.33);MMP7(+3.95);MSR1(+2.26);OGN(+1.22);RARRES2(+3.24);RTN4R(+2.64);SCARA5(+2.38);SMOC2(+2.37);STC1(+2.12);TNFRSF10B(+0.28);TNFRSF12A(+2.19);VNN1(+2.51),TNFRSF10B(-0.7),ADIPOQ(-2.1);CCDC80(-1.4);CCN5(-2.1);CD74(-2.1);EPHA1(-2.1);GDF15(-2.1);GH1(-2.1);IGFBP1(-2.1);IGFBP2(-2.1);LEP(-2.1);LILRB4(-2.1);PRSS8(-2.1);TFF1(-2.1);TGFBR2(-1.4);TNFRSF10B(-0.7);UMOD(-2.1);VSIG4(-2.1),CCDC80(-0.7);CST3(-0.7);HAVCR1(-0.7);IL19(-0.7);OGN(-0.7);TGFBR2(-0.7);TNFRSF10B(-0.7),ADIPOQ(-1.24);CCDC80(-0.9);CCN5(-1.28);CD74(-1.18);EPHA1(-1.33);GDF15(-1.45);GH1(-1.13);IGFBP1(-1.73);IGFBP2(-1.27);LEP(-1.88);LILRB4(-1.15);PRSS8(-1.33);TFF1(-1.28);TGFBR2(-1.01);UMOD(-1.2);VSIG4(-1.3),"Hit:14/15 (Glucose metabolism response,Immune stress response,Intracellular signal regulation,Leu kocvte activation cell,Myeloid leukocyte migration,Phosphorylation activity,Positive NF kappab,Positive programmed death apoptotic,Regulation of Cell Migration,Response chemical Endogenous,Response to LIPD,Response to Peptide,Response tumor necrosis factor,T cell proliferation)"